{"val_loss": [0.023219410330057144, 0.023015961050987244, 0.022816408425569534, 0.02202218770980835, 0.0217086523771286, 0.021293751895427704, 0.020486656576395035, 0.01971409097313881, 0.019633039832115173, 0.01926589384675026, 0.018734216690063477, 0.018405411392450333, 0.01786435768008232, 0.01758209988474846, 0.017520694062113762, 0.017023775726556778, 0.016606096178293228, 0.016165047883987427, 0.01589582860469818, 0.015886448323726654, 0.01581280492246151, 0.015767870470881462, 0.015866024419665337, 0.015816371887922287, 0.015378428623080254, 0.015215697698295116, 0.014805395156145096, 0.014357579872012138, 0.014029918238520622, 0.014067764393985271, 0.014051145873963833, 0.01378947589546442, 0.013484285213053226, 0.013387616723775864, 0.013467640615999699, 0.013161924667656422, 0.012898778542876244, 0.012859686277806759, 0.01265365444123745, 0.012619329616427422, 0.012453163973987103, 0.012411216273903847, 0.012264073826372623, 0.012265934608876705, 0.012185346335172653, 0.012106765061616898, 0.012118848040699959, 0.012044206261634827, 0.012047991156578064, 0.012023381888866425], "loss": [0.00622148078047868, 0.0052818676287477665, 0.005018292502923446, 0.004733647586721362, 0.003709081673260891, 0.0032883126175764837, 0.0027160728068062754, 0.0016208573272733977, 0.0005805630123976505, 0.0004539661899660573, -7.151936491330464e-05, -0.0008246404767939539, -0.0013129142197695646, -0.002101828203056798, -0.002515885414499225, -0.0026300845272613296, -0.0033916240614472013, -0.004052016319650592, -0.00475830500098792, -0.0051909310348106155, -0.005210021228501291, -0.005332002811359636, -0.005399100708239006, -0.005242019891738892, -0.0053462569009174, -0.006083677212397258, -0.006385357316696282, -0.007134508002888073, -0.007984373831387722, -0.008622920422843008, -0.008548230158560204, -0.008598457344553688, -0.009157161821018566, -0.009828628746397568, -0.010041890722332579, -0.00988272645256736, -0.010628103306799225, -0.011316596671487347, -0.011443418083768902, -0.01205438742357673, -0.012180607653025425, -0.012749107300557873, -0.012923256917433306, -0.013527781448581001, -0.013531167624574719, -0.013933704432212946, -0.014378146691755815, -0.014319734591426271, -0.01484005796638402, -0.014815687343026653]}