{"val_loss": [0.013112736865878105, 0.013019473291933537, 0.013185740448534489, 0.013372879475355148, 0.013269411399960518, 0.013143789954483509, 0.0131375752389431, 0.013395718298852444, 0.013237571343779564, 0.013489959761500359, 0.013690009713172913, 0.013765987008810043, 0.013976854272186756, 0.014242960140109062, 0.014261418953537941, 0.014105472713708878, 0.013919230550527573, 0.013937861658632755, 0.014242976903915405, 0.01422119140625, 0.014522625133395195, 0.014509844593703747, 0.014820165932178497, 0.014616595581173897, 0.014453343115746975, 0.014292878098785877, 0.014100335538387299, 0.014322813600301743, 0.01408482063561678, 0.01403237134218216, 0.013942401856184006, 0.013853553682565689, 0.013880432583391666, 0.013698923401534557, 0.013717742636799812, 0.013631834648549557, 0.01354703027755022, 0.013827275484800339, 0.014030331745743752, 0.013801617547869682, 0.013782002031803131, 0.014040524140000343, 0.013886462897062302, 0.013826286420226097, 0.014042086899280548, 0.013886709697544575, 0.014199545606970787, 0.014072325080633163, 0.01429544948041439, 0.014256365597248077], "loss": [-0.021405538826277763, -0.0218345249692599, -0.021614283323287964, -0.02204363228696765, -0.022477492690086365, -0.022224488131927723, -0.021923937693689808, -0.021926813053362297, -0.022525229688846703, -0.02217628964872071, -0.02277640456503088, -0.023223803463307293, -0.02339989398465012, -0.023859795747381268, -0.02440361777376948, -0.02442687659552603, -0.024099124200416332, -0.023722984178951294, -0.023778889666904102, -0.024401337924328716, -0.024374558618574432, -0.024971322692704922, -0.024963182030302105, -0.025544088446732723, -0.025146907929218178, -0.024820064504941303, -0.0244888649745421, -0.024120472145803047, -0.024544754714676827, -0.02407103551156593, -0.0239572674036026, -0.02376566127394185, -0.023583344212084106, -0.023622042753479698, -0.0232426913906679, -0.023275776568687324, -0.02308367125012658, -0.02291573719544844, -0.02353742357456323, -0.023937504851456844, -0.023467537918777176, -0.02344158607901949, -0.02396920368526921, -0.023648841137235813, -0.023536646004879112, -0.023972677010478394, -0.02367218787019903, -0.02430537523645343, -0.02406355919259967, -0.024510886745922493]}