{"val_loss": [0.011984451673924923, 0.011977017857134342, 0.011964862234890461, 0.011969421058893204, 0.011969465762376785, 0.01198247354477644, 0.012013333849608898, 0.011971164494752884, 0.011955694295465946, 0.011959400027990341, 0.011981034651398659, 0.012010280042886734, 0.01203859131783247, 0.012049082666635513, 0.012031421065330505, 0.012031376361846924, 0.012063355185091496, 0.012151867151260376, 0.012263352051377296, 0.012196043506264687, 0.012280791997909546, 0.012210570275783539, 0.012320829555392265, 0.012449421919882298, 0.012611636891961098, 0.012791059911251068, 0.01296055968850851, 0.013047530315816402, 0.013013981282711029, 0.01293289102613926, 0.012869673781096935, 0.012724453583359718, 0.01283884234726429, 0.012854943051934242, 0.01294222753494978, 0.01315255556255579, 0.01308207307010889, 0.013285163789987564, 0.01314382441341877, 0.013220940716564655, 0.013214966282248497, 0.01317034475505352, 0.013187403790652752, 0.01307354774326086, 0.012985356152057648, 0.012973356992006302, 0.012992309406399727, 0.012922205030918121, 0.01294621080160141, 0.012941548600792885], "loss": [-0.015040587295185436, -0.015480368073578134, -0.015598400072617964, -0.015828553248535503, -0.015728465309648804, -0.015717423323428993, -0.015484230987953417, -0.015140038548093853, -0.015700476413423366, -0.016157139882896885, -0.01670829297015161, -0.017157506762128887, -0.017517146851980324, -0.017778790047900242, -0.017858111948677986, -0.017714321274649013, -0.01772250257658236, -0.017991992108749622, -0.01856117221442136, -0.019091335661483532, -0.01879451627081091, -0.01916973970153115, -0.01887054244677226, -0.019371378150853245, -0.019875035593003937, -0.020430562622619396, -0.02097848599607294, -0.02144868288076285, -0.021670173966523373, -0.02157639576630159, -0.021359806033697994, -0.021171116016127846, -0.020777658982710404, -0.02110503681681373, -0.021156700271548645, -0.021407793868671764, -0.021938231181014668, -0.021778346462683243, -0.022259625973123493, -0.02192921552694205, -0.02211658972682375, -0.022098222465226143, -0.021992093093241707, -0.02202152573701107, -0.02173351202950333, -0.02150906046683138, -0.021479740654203026, -0.021521538044467117, -0.021341115349169933, -0.021404167355010002]}