{"val_loss": [0.0493551529943943, -0.02188239060342312, -0.0402604416012764, -0.04782695882022381, -0.053322933614254, -0.058136263862252235, -0.06188087910413742, -0.0643964372575283, -0.06750787794589996, -0.06990172527730465], "loss": [0.24039948308790052, 0.03742627223097795, 0.008433229617170385, 0.0008035696841575004, -0.00257134744645776, -0.004623178845724544, -0.0061821417782355, -0.007537480796108375, -0.008420690717930729, -0.009284626189115885]}