{"val_loss": [0.17012136429548264, 0.0687839980237186, 0.0397395440377295, 0.02601900789886713, 0.01836895663291216, 0.013448882848024368, 0.009167910553514957, 0.006410533562302589, 0.004740513861179352, 0.003303034231066704, 0.0025199316442012787, 0.0019999444484710693, 0.001561807468533516, 0.0012874100357294083, 0.0011305473744869232, 0.0010217037051916122, 0.0009646564722061157, 0.0009523872286081314, 0.0009657815098762512, 0.0010008662939071655, 0.0010439082980155945, 0.0011032596230506897, 0.001156449317932129, 0.0012140125036239624, 0.0012892410159111023, 0.0013674795627593994, 0.0014248862862586975, 0.0014264397323131561, 0.0014266856014728546, 0.0014282763004302979, 0.0014306269586086273, 0.0014322251081466675, 0.0014348141849040985, 0.0014457404613494873, 0.00145040825009346, 0.0014532282948493958, 0.0014597885310649872, 0.0014656633138656616, 0.0014693662524223328, 0.0014727376401424408, 0.0014725327491760254, 0.0014722906053066254, 0.0014721788465976715, 0.0014718547463417053, 0.0014714375138282776, 0.0014712102711200714, 0.0014709047973155975, 0.0014704950153827667, 0.0014705806970596313, 0.001470230519771576], "loss": [0.4450139141444004, 0.09963187089923656, 0.03828948843434001, 0.015392109356594809, 0.0028104210046656203, -0.0054568793398864345, -0.011641235401233038, -0.0171061245950334, -0.02146838718291485, -0.024883803770397648, -0.028038924291842814, -0.030698957655465965, -0.032723447251500504, -0.03567951406831994, -0.03814917825388186, -0.040182805309693016, -0.04268139341112339, -0.04593867718270331, -0.04892981628125364, -0.0516757234705217, -0.055180635529034065, -0.05838672997373523, -0.06250983939477892, -0.06613944753101378, -0.06958942747477329, -0.07422178238630295, -0.07884032708225829, -0.07962870620416873, -0.07962921984267957, -0.07963003895499489, -0.07963066006248648, -0.07963098382407968, -0.07963158370870532, -0.079632609631076, -0.0796348662538962, -0.07964134622703899, -0.07964453755906134, -0.07965153173515291, -0.07966173169287769, -0.07966881290529713, -0.07967365420225894, -0.07967387455882448, -0.07967424324967644, -0.07967441709655704, -0.07967464625835419, -0.07967494620066701, -0.0796750903581128, -0.07967549494721672, -0.07967576045881618, -0.07967593091906923]}